Model,MRR_R2_mean,MRR_R2_std,MRR_RMSE_mean,MRR_RMSE_std,SR_R2_mean,SR_R2_std,SR_RMSE_mean,SR_RMSE_std
Random Forest,0.9737289421369004,0.0031509878281891354,0.033717250860175886,0.002462904145266827,0.9924056750460226,0.0016736675963993245,0.019436566662477044,0.0018703775536135238
SVR,0.9997465181292478,6.63871926053752e-05,0.0032839529068440037,0.00040001750278933167,0.9997009240067285,9.198130705917335e-05,0.0038261136963692066,0.000583166557564339
XGBoost,0.9916894901156497,0.0010842948406560157,0.018922177558377138,0.00082974040957713,0.9941796891185275,0.000876925206183088,0.01707565277404017,0.0013183885911419117
ANN,0.9979728233283266,0.00042708338049699825,0.0093221844163743,0.0009422492168144122,0.9988733476318885,0.00028233341727705835,0.007480089617903319,0.0009327481256162754
